run,model,dataset,cap,n,median,mean,min,max
Dec09_12-16-16_d4e65e7af705,gatqsat,flat30-60,10,100,2.0000,2.0892,1.0000,5.6667
Nov12_14-06-54_c42e8ad320d8,gatqsat,flat30-60,10,100,1.8333,1.9989,0.5000,4.3333
Nov13_03-55-51_c42e8ad320d8,gatqsat,flat30-60,10,100,1.6667,1.8641,0.4545,5.5000
Dec09_12-16-16_d4e65e7af705,gatqsat,flat30-60,50,100,2.0000,2.0892,1.0000,5.6667
Nov12_14-06-54_c42e8ad320d8,gatqsat,flat30-60,50,100,1.8333,2.0003,0.6111,4.3333
Nov13_03-55-51_c42e8ad320d8,gatqsat,flat30-60,50,100,1.6667,1.8601,0.3750,5.5000
Dec09_12-16-16_d4e65e7af705,gatqsat,flat30-60,100,100,2.0000,2.0892,1.0000,5.6667
Nov12_14-06-54_c42e8ad320d8,gatqsat,flat30-60,100,100,1.8333,1.9980,0.6111,4.3333
Nov13_03-55-51_c42e8ad320d8,gatqsat,flat30-60,100,100,1.6667,1.8601,0.3750,5.5000
Dec09_12-16-16_d4e65e7af705,gatqsat,flat30-60,300,100,2.0000,2.0892,1.0000,5.6667
Nov12_14-06-54_c42e8ad320d8,gatqsat,flat30-60,300,100,1.8333,2.0003,0.6111,4.3333
Nov13_03-55-51_c42e8ad320d8,gatqsat,flat30-60,300,100,1.6667,1.8601,0.3750,5.5000
Dec09_12-16-16_d4e65e7af705,gatqsat,flat30-60,500,100,2.0000,2.0892,1.0000,5.6667
Nov12_14-06-54_c42e8ad320d8,gatqsat,flat30-60,500,100,1.8333,1.9980,0.6111,4.3333
Nov13_03-55-51_c42e8ad320d8,gatqsat,flat30-60,500,100,1.6667,1.8601,0.3750,5.5000
Dec09_12-16-16_d4e65e7af705,gatqsat,flat30-60,1000,100,2.0000,2.0892,1.0000,5.6667
Nov12_14-06-54_c42e8ad320d8,gatqsat,flat30-60,1000,100,1.8333,2.0003,0.6111,4.3333
Nov13_03-55-51_c42e8ad320d8,gatqsat,flat30-60,1000,100,1.6667,1.8601,0.3750,5.5000
Dec09_12-16-16_d4e65e7af705,gatqsat,flat50-115,10,100,2.2500,2.5585,0.7692,7.5000
Nov12_14-06-54_c42e8ad320d8,gatqsat,flat50-115,10,100,1.7500,1.9461,0.5000,6.2857
Nov13_03-55-51_c42e8ad320d8,gatqsat,flat50-115,10,100,1.5000,1.7754,0.4286,6.6667
Dec09_12-16-16_d4e65e7af705,gatqsat,flat50-115,50,100,2.2500,2.5629,0.7692,7.5000
Nov12_14-06-54_c42e8ad320d8,gatqsat,flat50-115,50,100,1.7778,1.9323,0.4783,6.2857
Nov13_03-55-51_c42e8ad320d8,gatqsat,flat50-115,50,100,1.4722,1.7417,0.3600,6.6667
Dec09_12-16-16_d4e65e7af705,gatqsat,flat50-115,100,100,2.2500,2.5629,0.7692,7.5000
Nov12_14-06-54_c42e8ad320d8,gatqsat,flat50-115,100,100,1.7778,1.9323,0.4783,6.2857
Nov13_03-55-51_c42e8ad320d8,gatqsat,flat50-115,100,100,1.4722,1.7417,0.3600,6.6667
Dec09_12-16-16_d4e65e7af705,gatqsat,flat50-115,300,100,2.2500,2.5629,0.7692,7.5000
Nov12_14-06-54_c42e8ad320d8,gatqsat,flat50-115,300,100,1.7778,1.9323,0.4783,6.2857
Nov13_03-55-51_c42e8ad320d8,gatqsat,flat50-115,300,100,1.4722,1.7417,0.3600,6.6667
Dec09_12-16-16_d4e65e7af705,gatqsat,flat50-115,500,100,2.2500,2.5629,0.7692,7.5000
Nov12_14-06-54_c42e8ad320d8,gatqsat,flat50-115,500,100,1.7778,1.9323,0.4783,6.2857
Nov13_03-55-51_c42e8ad320d8,gatqsat,flat50-115,500,100,1.4722,1.7417,0.3600,6.6667
Dec09_12-16-16_d4e65e7af705,gatqsat,flat50-115,1000,100,2.2500,2.5629,0.7692,7.5000
Nov12_14-06-54_c42e8ad320d8,gatqsat,flat50-115,1000,100,1.7778,1.9323,0.4783,6.2857
Nov13_03-55-51_c42e8ad320d8,gatqsat,flat50-115,1000,100,1.4722,1.7417,0.3600,6.6667
Dec09_12-16-16_d4e65e7af705,gatqsat,flat75-180,10,100,2.8167,3.3875,0.4783,16.3333
Nov12_14-06-54_c42e8ad320d8,gatqsat,flat75-180,10,100,2.1458,2.5711,0.4571,7.0000
Nov13_03-55-51_c42e8ad320d8,gatqsat,flat75-180,10,100,1.5963,2.1339,0.4706,12.2500
Dec09_12-16-16_d4e65e7af705,gatqsat,flat75-180,50,100,2.9444,3.4953,0.5789,16.3333
Nov12_14-06-54_c42e8ad320d8,gatqsat,flat75-180,50,100,2.0833,2.5768,0.3902,7.0000
Nov13_03-55-51_c42e8ad320d8,gatqsat,flat75-180,50,100,1.3842,1.9285,0.2500,12.2500
Dec09_12-16-16_d4e65e7af705,gatqsat,flat75-180,100,100,2.9444,3.4953,0.5789,16.3333
Nov12_14-06-54_c42e8ad320d8,gatqsat,flat75-180,100,100,2.0833,2.5767,0.3902,7.0000
Nov13_03-55-51_c42e8ad320d8,gatqsat,flat75-180,100,100,1.3842,1.9164,0.2333,12.2500
Dec09_12-16-16_d4e65e7af705,gatqsat,flat75-180,300,100,2.9444,3.4953,0.5789,16.3333
Nov12_14-06-54_c42e8ad320d8,gatqsat,flat75-180,300,100,2.0833,2.5767,0.3902,7.0000
Nov13_03-55-51_c42e8ad320d8,gatqsat,flat75-180,300,100,1.3842,1.9167,0.2314,12.2500
Dec09_12-16-16_d4e65e7af705,gatqsat,flat75-180,500,100,2.9444,3.4953,0.5789,16.3333
Nov12_14-06-54_c42e8ad320d8,gatqsat,flat75-180,500,100,2.0833,2.5767,0.3902,7.0000
Nov13_03-55-51_c42e8ad320d8,gatqsat,flat75-180,500,100,1.3842,1.9167,0.2314,12.2500
Dec09_12-16-16_d4e65e7af705,gatqsat,flat75-180,1000,100,2.9444,3.4953,0.5789,16.3333
Nov12_14-06-54_c42e8ad320d8,gatqsat,flat75-180,1000,100,2.0833,2.5767,0.3902,7.0000
Nov13_03-55-51_c42e8ad320d8,gatqsat,flat75-180,1000,100,1.3842,1.9167,0.2314,12.2500
Dec09_12-16-16_d4e65e7af705,gatqsat,flat100-239,10,100,2.2817,3.6772,0.2746,16.8750
Nov12_14-06-54_c42e8ad320d8,gatqsat,flat100-239,10,100,1.9555,2.6662,0.5333,10.8000
Nov13_03-55-51_c42e8ad320d8,gatqsat,flat100-239,10,100,1.7342,2.2341,0.3404,11.2000
Dec09_12-16-16_d4e65e7af705,gatqsat,flat100-239,50,100,2.7571,4.1554,0.7500,16.8750
Nov12_14-06-54_c42e8ad320d8,gatqsat,flat100-239,50,100,2.0000,2.8147,0.5079,11.8500
Nov13_03-55-51_c42e8ad320d8,gatqsat,flat100-239,50,100,1.2001,1.7831,0.2335,11.2000
Dec09_12-16-16_d4e65e7af705,gatqsat,flat100-239,100,100,2.7571,4.1616,0.7500,16.8750
Nov12_14-06-54_c42e8ad320d8,gatqsat,flat100-239,100,100,2.0000,2.7958,0.4962,11.8500
Nov13_03-55-51_c42e8ad320d8,gatqsat,flat100-239,100,100,1.2118,1.7444,0.2432,11.2000
Dec09_12-16-16_d4e65e7af705,gatqsat,flat100-239,300,100,2.7571,4.1616,0.7500,16.8750
Nov12_14-06-54_c42e8ad320d8,gatqsat,flat100-239,300,100,2.0000,2.7971,0.5517,11.8500
Nov13_03-55-51_c42e8ad320d8,gatqsat,flat100-239,300,100,1.1844,1.7309,0.1461,11.2000
Dec09_12-16-16_d4e65e7af705,gatqsat,flat100-239,500,100,2.7571,4.1616,0.7500,16.8750
Nov12_14-06-54_c42e8ad320d8,gatqsat,flat100-239,500,100,2.0000,2.7971,0.5517,11.8500
Nov13_03-55-51_c42e8ad320d8,gatqsat,flat100-239,500,100,1.1844,1.7309,0.1461,11.2000
Dec09_12-16-16_d4e65e7af705,gatqsat,flat100-239,1000,100,2.7571,4.1616,0.7500,16.8750
Nov12_14-06-54_c42e8ad320d8,gatqsat,flat100-239,1000,100,2.0000,2.7971,0.5517,11.8500
Nov13_03-55-51_c42e8ad320d8,gatqsat,flat100-239,1000,100,1.1844,1.7309,0.1461,11.2000
Dec09_12-16-16_d4e65e7af705,gatqsat,flat125-301,10,100,2.7652,4.0241,0.2148,32.1429
Nov12_14-06-54_c42e8ad320d8,gatqsat,flat125-301,10,100,2.6091,3.2675,0.2051,18.7500
Nov13_03-55-51_c42e8ad320d8,gatqsat,flat125-301,10,100,1.8685,2.5102,0.2148,14.5000
Dec09_12-16-16_d4e65e7af705,gatqsat,flat125-301,50,100,3.3391,4.8611,0.3316,32.1429
Nov12_14-06-54_c42e8ad320d8,gatqsat,flat125-301,50,100,2.5903,3.4173,0.2553,20.4545
Nov13_03-55-51_c42e8ad320d8,gatqsat,flat125-301,50,100,1.2887,1.8187,0.1345,14.5000
Dec09_12-16-16_d4e65e7af705,gatqsat,flat125-301,100,100,3.4356,4.8935,0.4068,32.1429
Nov12_14-06-54_c42e8ad320d8,gatqsat,flat125-301,100,100,2.4787,3.3840,0.2832,20.4545
Nov13_03-55-51_c42e8ad320d8,gatqsat,flat125-301,100,100,0.9993,1.5883,0.1032,14.5000
Dec09_12-16-16_d4e65e7af705,gatqsat,flat125-301,300,100,3.4356,4.8956,0.3351,32.1429
Nov12_14-06-54_c42e8ad320d8,gatqsat,flat125-301,300,100,2.4787,3.3668,0.2721,20.4545
Nov13_03-55-51_c42e8ad320d8,gatqsat,flat125-301,300,100,0.7873,1.4754,0.0702,14.5000
Dec09_12-16-16_d4e65e7af705,gatqsat,flat125-301,500,100,3.4356,4.8956,0.3351,32.1429
Nov12_14-06-54_c42e8ad320d8,gatqsat,flat125-301,500,100,2.4787,3.3673,0.2721,20.4545
Nov13_03-55-51_c42e8ad320d8,gatqsat,flat125-301,500,100,0.7873,1.4520,0.0659,14.5000
Dec09_12-16-16_d4e65e7af705,gatqsat,flat125-301,1000,100,3.4356,4.8956,0.3351,32.1429
Nov12_14-06-54_c42e8ad320d8,gatqsat,flat125-301,1000,100,2.4787,3.3673,0.2721,20.4545
Nov13_03-55-51_c42e8ad320d8,gatqsat,flat125-301,1000,100,0.7873,1.4640,0.0661,14.5000
Dec09_12-16-16_d4e65e7af705,gatqsat,flat150-360,10,101,2.7879,4.3806,0.1605,32.5333
Nov12_14-06-54_c42e8ad320d8,gatqsat,flat150-360,10,101,2.1562,3.6019,0.1494,29.6429
Nov13_03-55-51_c42e8ad320d8,gatqsat,flat150-360,10,101,1.7610,2.5562,0.0767,11.3488
Dec09_12-16-16_d4e65e7af705,gatqsat,flat150-360,50,101,3.4574,5.5337,0.2641,44.3636
Nov12_14-06-54_c42e8ad320d8,gatqsat,flat150-360,50,101,2.0000,3.3152,0.0975,21.0000
Nov13_03-55-51_c42e8ad320d8,gatqsat,flat150-360,50,101,1.4988,2.2866,0.0928,22.1818
Dec09_12-16-16_d4e65e7af705,gatqsat,flat150-360,100,101,3.7282,5.6053,0.2664,44.3636
Nov12_14-06-54_c42e8ad320d8,gatqsat,flat150-360,100,101,1.9714,3.2446,0.1216,21.0000
Nov13_03-55-51_c42e8ad320d8,gatqsat,flat150-360,100,101,1.1333,1.8835,0.0897,22.1818
Dec09_12-16-16_d4e65e7af705,gatqsat,flat150-360,300,101,3.7647,5.6731,0.3557,44.3636
Nov12_14-06-54_c42e8ad320d8,gatqsat,flat150-360,300,101,2.0169,3.2217,0.0985,21.0000
Nov13_03-55-51_c42e8ad320d8,gatqsat,flat150-360,300,101,0.7221,1.6047,0.0674,22.1818
Dec09_12-16-16_d4e65e7af705,gatqsat,flat150-360,500,101,3.7647,5.6830,0.3557,44.3636
Nov12_14-06-54_c42e8ad320d8,gatqsat,flat150-360,500,101,2.0169,3.2236,0.0983,21.0000
Nov13_03-55-51_c42e8ad320d8,gatqsat,flat150-360,500,101,0.6527,1.5249,0.0500,22.1818
Dec09_12-16-16_d4e65e7af705,gatqsat,flat150-360,1000,101,3.7647,5.6830,0.3557,44.3636
Nov12_14-06-54_c42e8ad320d8,gatqsat,flat150-360,1000,101,2.0169,3.2137,0.0906,21.0000
Nov13_03-55-51_c42e8ad320d8,gatqsat,flat150-360,1000,101,0.5725,1.4839,0.0477,22.1818
Dec09_12-16-16_d4e65e7af705,gatqsat,flat175-417,10,100,2.3147,4.6148,0.1230,58.5745
Nov12_14-06-54_c42e8ad320d8,gatqsat,flat175-417,10,100,2.1610,3.6169,0.1440,22.4444
Nov13_03-55-51_c42e8ad320d8,gatqsat,flat175-417,10,100,1.8169,3.3951,0.1811,30.5167
Dec09_12-16-16_d4e65e7af705,gatqsat,flat175-417,50,100,3.1288,6.1620,0.0993,79.9231
Nov12_14-06-54_c42e8ad320d8,gatqsat,flat175-417,50,100,2.0546,3.5071,0.1188,20.7500
Nov13_03-55-51_c42e8ad320d8,gatqsat,flat175-417,50,100,1.5552,2.7209,0.1895,19.8621
Dec09_12-16-16_d4e65e7af705,gatqsat,flat175-417,100,100,3.1582,6.3096,0.1333,79.9231
Nov12_14-06-54_c42e8ad320d8,gatqsat,flat175-417,100,100,2.0298,3.5546,0.1440,21.7976
Nov13_03-55-51_c42e8ad320d8,gatqsat,flat175-417,100,100,1.4029,2.3682,0.1420,19.8621
Dec09_12-16-16_d4e65e7af705,gatqsat,flat175-417,300,100,3.2153,6.4093,0.1075,79.9231
Nov12_14-06-54_c42e8ad320d8,gatqsat,flat175-417,300,100,2.0947,3.4041,0.1533,21.7976
Nov13_03-55-51_c42e8ad320d8,gatqsat,flat175-417,300,100,0.9167,1.8624,0.0966,19.8621
Dec09_12-16-16_d4e65e7af705,gatqsat,flat175-417,500,100,3.2072,6.3948,0.0982,79.9231
Nov12_14-06-54_c42e8ad320d8,gatqsat,flat175-417,500,100,1.9318,3.3474,0.1454,21.7976
Nov13_03-55-51_c42e8ad320d8,gatqsat,flat175-417,500,100,0.8174,1.6810,0.0839,19.8621
Dec09_12-16-16_d4e65e7af705,gatqsat,flat175-417,1000,100,3.2072,6.3994,0.0988,79.9231
Nov12_14-06-54_c42e8ad320d8,gatqsat,flat175-417,1000,100,1.9318,3.2998,0.1031,21.7976
Nov13_03-55-51_c42e8ad320d8,gatqsat,flat175-417,1000,100,0.6468,1.5873,0.0409,19.8621
Dec09_12-16-16_d4e65e7af705,gatqsat,flat200-479,10,100,2.7791,4.6172,0.1137,36.6327
Nov12_14-06-54_c42e8ad320d8,gatqsat,flat200-479,10,100,2.0802,3.5501,0.0659,27.4132
Nov13_03-55-51_c42e8ad320d8,gatqsat,flat200-479,10,100,1.4906,3.1667,0.0659,21.2736
Dec09_12-16-16_d4e65e7af705,gatqsat,flat200-479,50,100,3.2797,5.8203,0.0894,63.0625
Nov12_14-06-54_c42e8ad320d8,gatqsat,flat200-479,50,100,1.7491,3.3938,0.0701,33.0588
Nov13_03-55-51_c42e8ad320d8,gatqsat,flat200-479,50,100,1.3079,2.5802,0.0939,16.9235
Dec09_12-16-16_d4e65e7af705,gatqsat,flat200-479,100,100,3.2471,6.2367,0.1101,63.0625
Nov12_14-06-54_c42e8ad320d8,gatqsat,flat200-479,100,100,1.9451,3.2014,0.0530,33.0588
Nov13_03-55-51_c42e8ad320d8,gatqsat,flat200-479,100,100,1.2635,2.2544,0.0841,19.7723
Dec09_12-16-16_d4e65e7af705,gatqsat,flat200-479,300,100,3.3147,6.1454,0.0893,63.0625
Nov12_14-06-54_c42e8ad320d8,gatqsat,flat200-479,300,100,1.7339,2.9507,0.0577,33.0588
Nov13_03-55-51_c42e8ad320d8,gatqsat,flat200-479,300,100,0.9326,1.8509,0.0540,19.5784
Dec09_12-16-16_d4e65e7af705,gatqsat,flat200-479,500,100,3.3884,6.1660,0.0851,63.0625
Nov12_14-06-54_c42e8ad320d8,gatqsat,flat200-479,500,100,1.6018,2.8668,0.0523,33.0588
Nov13_03-55-51_c42e8ad320d8,gatqsat,flat200-479,500,100,0.7156,1.6427,0.0564,19.5784
Dec09_12-16-16_d4e65e7af705,gatqsat,flat200-479,1000,100,3.3884,6.0970,0.0870,63.0625
Nov12_14-06-54_c42e8ad320d8,gatqsat,flat200-479,1000,100,1.4687,2.7021,0.0341,33.0588
Nov13_03-55-51_c42e8ad320d8,gatqsat,flat200-479,1000,100,0.5254,1.4535,0.0321,19.5784
Nov12_14-06-54_c42e8ad320d8,gatqsat,uf50-218,10,100,1.7943,2.6656,0.1786,16.6667
Nov13_03-55-51_c42e8ad320d8,gatqsat,uf50-218,10,100,0.8312,1.0224,0.1429,4.0000
Nov12_14-06-54_c42e8ad320d8,gatqsat,uf50-218,50,100,2.0417,2.9200,0.3846,16.6667
Nov13_03-55-51_c42e8ad320d8,gatqsat,uf50-218,50,100,0.6043,0.7653,0.1020,4.0000
Nov12_14-06-54_c42e8ad320d8,gatqsat,uf50-218,100,100,2.0417,2.9200,0.3846,16.6667
Nov13_03-55-51_c42e8ad320d8,gatqsat,uf50-218,100,100,0.5000,0.7098,0.0566,4.0000
Nov12_14-06-54_c42e8ad320d8,gatqsat,uf50-218,300,100,2.0417,2.9200,0.3846,16.6667
Nov13_03-55-51_c42e8ad320d8,gatqsat,uf50-218,300,100,0.5000,0.7015,0.0610,4.0000
Nov12_14-06-54_c42e8ad320d8,gatqsat,uf50-218,500,100,2.0417,2.9200,0.3846,16.6667
Nov13_03-55-51_c42e8ad320d8,gatqsat,uf50-218,500,100,0.5000,0.7015,0.0610,4.0000
Nov12_14-06-54_c42e8ad320d8,gatqsat,uf50-218,1000,100,2.0417,2.9200,0.3846,16.6667
Nov13_03-55-51_c42e8ad320d8,gatqsat,uf50-218,1000,100,0.5000,0.7015,0.0610,4.0000
Nov12_14-06-54_c42e8ad320d8,gatqsat,uf100-430,10,100,1.7161,3.0791,0.1308,43.3000
Nov13_03-55-51_c42e8ad320d8,gatqsat,uf100-430,10,100,0.7013,1.0291,0.0886,5.8621
Nov12_14-06-54_c42e8ad320d8,gatqsat,uf100-430,50,100,2.2500,4.0769,0.1245,43.3000
Nov13_03-55-51_c42e8ad320d8,gatqsat,uf100-430,50,100,0.6279,0.8655,0.0769,4.6102
Nov12_14-06-54_c42e8ad320d8,gatqsat,uf100-430,100,100,2.7818,4.2939,0.1716,43.3000
Nov13_03-55-51_c42e8ad320d8,gatqsat,uf100-430,100,100,0.5419,0.6979,0.0627,2.7259
Nov12_14-06-54_c42e8ad320d8,gatqsat,uf100-430,300,100,2.8926,4.3998,0.2201,43.3000
Nov13_03-55-51_c42e8ad320d8,gatqsat,uf100-430,300,100,0.3764,0.4920,0.0478,2.0000
Nov12_14-06-54_c42e8ad320d8,gatqsat,uf100-430,500,100,2.8926,4.3998,0.2201,43.3000
Nov13_03-55-51_c42e8ad320d8,gatqsat,uf100-430,500,100,0.2829,0.3735,0.0315,2.0000
Nov12_14-06-54_c42e8ad320d8,gatqsat,uf100-430,1000,100,2.8926,4.3998,0.2201,43.3000
Nov13_03-55-51_c42e8ad320d8,gatqsat,uf100-430,1000,100,0.1934,0.2769,0.0217,2.0000
Nov12_14-06-54_c42e8ad320d8,gatqsat,uf250-1065,10,100,2.3839,5.6676,0.1070,56.4571
Nov13_03-55-51_c42e8ad320d8,gatqsat,uf250-1065,10,100,0.9637,1.5217,0.0191,24.5343
Nov12_14-06-54_c42e8ad320d8,gatqsat,uf250-1065,50,100,2.4964,5.4701,0.1317,34.7692
Nov13_03-55-51_c42e8ad320d8,gatqsat,uf250-1065,50,100,0.9724,1.4830,0.0736,17.3058
Nov12_14-06-54_c42e8ad320d8,gatqsat,uf250-1065,100,100,2.5256,5.4604,0.1642,60.6320
Nov13_03-55-51_c42e8ad320d8,gatqsat,uf250-1065,100,100,1.0497,1.5098,0.0479,15.2625
Nov12_14-06-54_c42e8ad320d8,gatqsat,uf250-1065,300,100,2.3711,5.3634,0.1042,38.4021
Nov13_03-55-51_c42e8ad320d8,gatqsat,uf250-1065,300,100,0.9561,1.3654,0.0152,13.3066
Nov12_14-06-54_c42e8ad320d8,gatqsat,uf250-1065,500,100,2.4068,4.7870,0.1203,25.7415
Nov13_03-55-51_c42e8ad320d8,gatqsat,uf250-1065,500,100,0.9738,1.5857,0.0693,29.5920
Nov12_14-06-54_c42e8ad320d8,gatqsat,uf250-1065,1000,100,2.2153,5.0693,0.0913,47.8454
Nov13_03-55-51_c42e8ad320d8,gatqsat,uf250-1065,1000,100,0.9693,1.5701,0.0589,13.7771
Nov12_14-06-54_c42e8ad320d8,gatqsat,uuf50-218,10,100,1.7470,1.9238,0.6818,4.0370
Nov12_20-35-32_c42e8ad320d8,gatqsat,uuf50-218,10,100,1.2396,1.3760,0.5938,5.2105
Nov13_03-55-51_c42e8ad320d8,gatqsat,uuf50-218,10,100,0.9581,1.0493,0.3977,2.7333
Nov14_03-26-36_54337a27a809,gatqsat,uuf50-218,10,100,1.4914,1.6071,0.7069,3.5333
Nov12_14-06-54_c42e8ad320d8,gatqsat,uuf50-218,50,100,2.7735,2.9274,1.0714,7.2667
Nov12_20-35-32_c42e8ad320d8,gatqsat,uuf50-218,50,100,1.5683,1.7729,0.7922,5.5000
Nov13_03-55-51_c42e8ad320d8,gatqsat,uuf50-218,50,100,0.7308,0.7699,0.2857,1.4906
Nov14_03-26-36_54337a27a809,gatqsat,uuf50-218,50,100,1.6485,1.7326,0.6308,3.3125
Nov12_14-06-54_c42e8ad320d8,gatqsat,uuf50-218,100,100,2.7735,2.9274,1.0714,7.2667
Nov12_20-35-32_c42e8ad320d8,gatqsat,uuf50-218,100,100,1.5896,1.7951,0.8140,5.5000
Nov13_03-55-51_c42e8ad320d8,gatqsat,uuf50-218,100,100,0.5547,0.5977,0.2016,1.4630
Nov14_03-26-36_54337a27a809,gatqsat,uuf50-218,100,100,1.6667,1.7335,0.6029,3.3125
Nov12_14-06-54_c42e8ad320d8,gatqsat,uuf50-218,300,100,2.7735,2.9274,1.0714,7.2667
Nov12_20-35-32_c42e8ad320d8,gatqsat,uuf50-218,300,100,1.5896,1.7951,0.8140,5.5000
Nov13_03-55-51_c42e8ad320d8,gatqsat,uuf50-218,300,100,0.4702,0.5249,0.1464,1.4630
Nov14_03-26-36_54337a27a809,gatqsat,uuf50-218,300,100,1.6615,1.7310,0.6029,3.3125
Nov12_14-06-54_c42e8ad320d8,gatqsat,uuf50-218,500,100,2.7735,2.9274,1.0714,7.2667
Nov12_20-35-32_c42e8ad320d8,gatqsat,uuf50-218,500,100,1.5896,1.7951,0.8140,5.5000
Nov13_03-55-51_c42e8ad320d8,gatqsat,uuf50-218,500,100,0.4702,0.5248,0.1464,1.4630
Nov14_03-26-36_54337a27a809,gatqsat,uuf50-218,500,100,1.6615,1.7293,0.6029,3.3125
Nov12_14-06-54_c42e8ad320d8,gatqsat,uuf50-218,1000,100,2.7735,2.9274,1.0714,7.2667
Nov12_20-35-32_c42e8ad320d8,gatqsat,uuf50-218,1000,100,1.5896,1.7951,0.8140,5.5000
Nov13_03-55-51_c42e8ad320d8,gatqsat,uuf50-218,1000,100,0.4702,0.5263,0.1464,1.4630
Nov14_03-26-36_54337a27a809,gatqsat,uuf50-218,1000,100,1.6667,1.7321,0.6029,3.3125
Nov12_14-06-54_c42e8ad320d8,gatqsat,uuf100-430,10,100,1.6251,1.5890,0.6720,2.5605
Nov12_20-35-32_c42e8ad320d8,gatqsat,uuf100-430,10,100,1.1703,1.2155,0.5542,2.2184
Nov13_03-55-51_c42e8ad320d8,gatqsat,uuf100-430,10,100,1.1189,1.1443,0.5251,2.0552
Nov14_03-26-36_54337a27a809,gatqsat,uuf100-430,10,100,1.4404,1.4812,0.7075,2.8365
Nov12_14-06-54_c42e8ad320d8,gatqsat,uuf100-430,50,100,1.6987,1.7980,0.8629,4.0278
Nov12_20-35-32_c42e8ad320d8,gatqsat,uuf100-430,50,100,1.1859,1.2124,0.6157,2.2543
Nov13_03-55-51_c42e8ad320d8,gatqsat,uuf100-430,50,100,1.0288,1.0798,0.3856,2.1816
Nov14_03-26-36_54337a27a809,gatqsat,uuf100-430,50,100,1.4473,1.5044,0.6912,2.6048
Nov12_14-06-54_c42e8ad320d8,gatqsat,uuf100-430,100,100,1.9353,2.1530,0.8991,5.2029
Nov12_20-35-32_c42e8ad320d8,gatqsat,uuf100-430,100,100,1.1779,1.2213,0.4935,2.3600
Nov13_03-55-51_c42e8ad320d8,gatqsat,uuf100-430,100,100,1.0116,0.9845,0.4922,1.6863
Nov14_03-26-36_54337a27a809,gatqsat,uuf100-430,100,100,1.4635,1.4736,0.6911,2.6205
Nov12_14-06-54_c42e8ad320d8,gatqsat,uuf100-430,300,100,2.7417,2.8546,1.2550,5.2029
Nov12_20-35-32_c42e8ad320d8,gatqsat,uuf100-430,300,100,1.4308,1.5134,0.5386,3.3527
Nov13_03-55-51_c42e8ad320d8,gatqsat,uuf100-430,300,100,0.7747,0.7640,0.3769,1.4081
Nov14_03-26-36_54337a27a809,gatqsat,uuf100-430,300,100,1.4905,1.4680,0.6883,2.9392
Nov12_14-06-54_c42e8ad320d8,gatqsat,uuf100-430,500,100,2.7960,2.8791,1.2550,5.2029
Nov12_20-35-32_c42e8ad320d8,gatqsat,uuf100-430,500,100,1.6049,1.6556,0.5652,3.3527
Nov13_03-55-51_c42e8ad320d8,gatqsat,uuf100-430,500,100,0.5791,0.6111,0.2722,1.0908
Nov14_03-26-36_54337a27a809,gatqsat,uuf100-430,500,100,1.3931,1.4363,0.7046,2.9392
Nov12_14-06-54_c42e8ad320d8,gatqsat,uuf100-430,1000,100,2.7960,2.8791,1.2550,5.2029
Nov12_20-35-32_c42e8ad320d8,gatqsat,uuf100-430,1000,100,1.6478,1.6695,0.5948,3.3527
Nov13_03-55-51_c42e8ad320d8,gatqsat,uuf100-430,1000,100,0.4030,0.4205,0.1743,0.7631
Nov14_03-26-36_54337a27a809,gatqsat,uuf100-430,1000,100,1.3616,1.4322,0.6146,2.9392
Nov12_14-06-54_c42e8ad320d8,gatqsat,uuf250-1065,10,100,1.6276,1.6888,1.0045,2.6995
Nov12_20-35-32_c42e8ad320d8,gatqsat,uuf250-1065,10,100,1.1649,1.1937,0.6221,1.9652
Nov13_03-55-51_c42e8ad320d8,gatqsat,uuf250-1065,10,100,1.2121,1.2265,0.6689,2.2593
Nov14_03-26-36_54337a27a809,gatqsat,uuf250-1065,10,100,1.4556,1.5079,0.8547,2.5340
Nov12_14-06-54_c42e8ad320d8,gatqsat,uuf250-1065,50,100,1.6512,1.6926,1.0007,2.8490
Nov12_20-35-32_c42e8ad320d8,gatqsat,uuf250-1065,50,100,1.1626,1.1703,0.5628,2.0647
Nov13_03-55-51_c42e8ad320d8,gatqsat,uuf250-1065,50,100,1.2224,1.2217,0.6241,2.0132
Nov14_03-26-36_54337a27a809,gatqsat,uuf250-1065,50,100,1.4753,1.5094,0.9387,2.2482
Nov12_14-06-54_c42e8ad320d8,gatqsat,uuf250-1065,100,100,1.6314,1.7111,1.0220,2.7302
Nov12_20-35-32_c42e8ad320d8,gatqsat,uuf250-1065,100,100,1.1694,1.1696,0.6233,2.0497
Nov13_03-55-51_c42e8ad320d8,gatqsat,uuf250-1065,100,100,1.2043,1.2076,0.6824,1.8667
Nov14_03-26-36_54337a27a809,gatqsat,uuf250-1065,100,100,1.4406,1.5024,0.8878,2.5789
Nov12_14-06-54_c42e8ad320d8,gatqsat,uuf250-1065,300,100,1.6786,1.7116,1.0057,3.2786
Nov12_20-35-32_c42e8ad320d8,gatqsat,uuf250-1065,300,100,1.1572,1.1900,0.5945,2.3653
Nov13_03-55-51_c42e8ad320d8,gatqsat,uuf250-1065,300,100,1.2078,1.2234,0.6314,2.2247
Nov14_03-26-36_54337a27a809,gatqsat,uuf250-1065,300,100,1.4762,1.4999,0.8473,2.3901
Nov12_14-06-54_c42e8ad320d8,gatqsat,uuf250-1065,500,100,1.6729,1.7195,0.9994,2.8034
Nov12_20-35-32_c42e8ad320d8,gatqsat,uuf250-1065,500,100,1.1528,1.1770,0.6031,2.0984
Nov13_03-55-51_c42e8ad320d8,gatqsat,uuf250-1065,500,100,1.2321,1.2364,0.6830,2.4472
Nov14_03-26-36_54337a27a809,gatqsat,uuf250-1065,500,100,1.4547,1.5207,0.7821,2.6157
Nov12_14-06-54_c42e8ad320d8,gatqsat,uuf250-1065,1000,100,1.6391,1.6801,1.0057,2.6221
Nov12_20-35-32_c42e8ad320d8,gatqsat,uuf250-1065,1000,100,1.1467,1.1820,0.5843,2.1468
Nov13_03-55-51_c42e8ad320d8,gatqsat,uuf250-1065,1000,100,1.2481,1.2229,0.6699,2.3451
Nov14_03-26-36_54337a27a809,gatqsat,uuf250-1065,1000,100,1.4590,1.5078,0.8633,2.4320
Dec08_08-39-57_e63e47f25457,graphqsat,flat30-60,10,100,1.8333,2.0068,0.5789,4.6667
Dec21_01-59-59_6bed2aa9b612,graphqsat,flat30-60,10,100,1.3333,1.4339,0.4167,3.5000
Dec23_01-48-54_90582559eea7,graphqsat,flat30-60,10,100,0.7991,0.9263,0.3750,3.2000
Dec08_08-39-57_e63e47f25457,graphqsat,flat30-60,50,100,1.8333,2.0090,0.6000,4.6667
Dec21_01-59-59_6bed2aa9b612,graphqsat,flat30-60,50,100,1.3167,1.4110,0.3333,3.5000
Dec23_01-48-54_90582559eea7,graphqsat,flat30-60,50,100,0.2500,0.4962,0.1111,3.2000
Dec08_08-39-57_e63e47f25457,graphqsat,flat30-60,100,100,1.8333,2.0090,0.6000,4.6667
Dec21_01-59-59_6bed2aa9b612,graphqsat,flat30-60,100,100,1.3167,1.4110,0.3333,3.5000
Dec23_01-48-54_90582559eea7,graphqsat,flat30-60,100,100,0.2382,0.4793,0.0652,3.2000
Dec08_08-39-57_e63e47f25457,graphqsat,flat30-60,300,100,1.8333,2.0090,0.6000,4.6667
Dec21_01-59-59_6bed2aa9b612,graphqsat,flat30-60,300,100,1.3167,1.4110,0.3333,3.5000
Dec23_01-48-54_90582559eea7,graphqsat,flat30-60,300,100,0.2382,0.4788,0.0652,3.2000
Dec08_08-39-57_e63e47f25457,graphqsat,flat30-60,500,100,1.8333,2.0090,0.6000,4.6667
Dec21_01-59-59_6bed2aa9b612,graphqsat,flat30-60,500,100,1.3167,1.4110,0.3333,3.5000
Dec23_01-48-54_90582559eea7,graphqsat,flat30-60,500,100,0.2382,0.4788,0.0652,3.2000
Dec08_08-39-57_e63e47f25457,graphqsat,flat30-60,1000,100,1.8333,2.0090,0.6000,4.6667
Dec21_01-59-59_6bed2aa9b612,graphqsat,flat30-60,1000,100,1.3167,1.4110,0.3333,3.5000
Dec23_01-48-54_90582559eea7,graphqsat,flat30-60,1000,100,0.2382,0.4788,0.0652,3.2000
Dec08_08-39-57_e63e47f25457,graphqsat,flat50-115,10,100,2.1833,2.4831,0.7059,8.0000
Dec21_01-59-59_6bed2aa9b612,graphqsat,flat50-115,10,100,1.8778,2.0936,0.4800,8.8000
Dec23_01-48-54_90582559eea7,graphqsat,flat50-115,10,100,1.0625,1.1147,0.2903,3.0000
Dec08_08-39-57_e63e47f25457,graphqsat,flat50-115,50,100,2.1833,2.4989,0.7692,8.0000
Dec21_01-59-59_6bed2aa9b612,graphqsat,flat50-115,50,100,1.8611,2.0753,0.4800,8.8000
Dec23_01-48-54_90582559eea7,graphqsat,flat50-115,50,100,0.3137,0.4944,0.1569,2.8889
Dec08_08-39-57_e63e47f25457,graphqsat,flat50-115,100,100,2.1833,2.4989,0.7692,8.0000
Dec21_01-59-59_6bed2aa9b612,graphqsat,flat50-115,100,100,1.8611,2.0753,0.4800,8.8000
Dec23_01-48-54_90582559eea7,graphqsat,flat50-115,100,100,0.1926,0.4109,0.0891,2.8889
Dec08_08-39-57_e63e47f25457,graphqsat,flat50-115,300,100,2.1833,2.4989,0.7692,8.0000
Dec21_01-59-59_6bed2aa9b612,graphqsat,flat50-115,300,100,1.8611,2.0753,0.4800,8.8000
Dec23_01-48-54_90582559eea7,graphqsat,flat50-115,300,100,0.1858,0.4059,0.0882,2.8889
Dec08_08-39-57_e63e47f25457,graphqsat,flat50-115,500,100,2.1833,2.4989,0.7692,8.0000
Dec21_01-59-59_6bed2aa9b612,graphqsat,flat50-115,500,100,1.8611,2.0753,0.4800,8.8000
Dec23_01-48-54_90582559eea7,graphqsat,flat50-115,500,100,0.1858,0.4059,0.0882,2.8889
Dec08_08-39-57_e63e47f25457,graphqsat,flat50-115,1000,100,2.1833,2.4989,0.7692,8.0000
Dec21_01-59-59_6bed2aa9b612,graphqsat,flat50-115,1000,100,1.8611,2.0753,0.4800,8.8000
Dec23_01-48-54_90582559eea7,graphqsat,flat50-115,1000,100,0.1858,0.4059,0.0882,2.8889
Dec08_08-39-57_e63e47f25457,graphqsat,flat75-180,10,100,2.2857,2.8453,0.5000,12.0000
Dec21_01-59-59_6bed2aa9b612,graphqsat,flat75-180,10,100,1.9762,2.4042,0.4400,11.3333
Dec23_01-48-54_90582559eea7,graphqsat,flat75-180,10,100,1.5000,1.7723,0.3019,9.0000
Dec08_08-39-57_e63e47f25457,graphqsat,flat75-180,50,100,2.3693,2.9947,0.4400,12.0000
Dec21_01-59-59_6bed2aa9b612,graphqsat,flat75-180,50,100,2.0385,2.4427,0.3415,11.3333
Dec23_01-48-54_90582559eea7,graphqsat,flat75-180,50,100,0.6286,1.0114,0.2075,9.0000
Dec08_08-39-57_e63e47f25457,graphqsat,flat75-180,100,100,2.3693,2.9947,0.4400,12.0000
Dec21_01-59-59_6bed2aa9b612,graphqsat,flat75-180,100,100,2.0385,2.4391,0.2642,11.3333
Dec23_01-48-54_90582559eea7,graphqsat,flat75-180,100,100,0.3623,0.8171,0.1078,9.0000
Dec08_08-39-57_e63e47f25457,graphqsat,flat75-180,300,100,2.3693,2.9947,0.4400,12.0000
Dec21_01-59-59_6bed2aa9b612,graphqsat,flat75-180,300,100,2.0385,2.4392,0.2718,11.3333
Dec23_01-48-54_90582559eea7,graphqsat,flat75-180,300,100,0.2914,0.7712,0.0800,9.0000
Dec08_08-39-57_e63e47f25457,graphqsat,flat75-180,500,100,2.3693,2.9947,0.4400,12.0000
Dec21_01-59-59_6bed2aa9b612,graphqsat,flat75-180,500,100,2.0385,2.4392,0.2718,11.3333
Dec23_01-48-54_90582559eea7,graphqsat,flat75-180,500,100,0.2914,0.7712,0.0800,9.0000
Dec08_08-39-57_e63e47f25457,graphqsat,flat75-180,1000,100,2.3693,2.9947,0.4400,12.0000
Dec21_01-59-59_6bed2aa9b612,graphqsat,flat75-180,1000,100,2.0385,2.4392,0.2718,11.3333
Dec23_01-48-54_90582559eea7,graphqsat,flat75-180,1000,100,0.2914,0.7712,0.0800,9.0000
Dec08_08-39-57_e63e47f25457,graphqsat,flat100-239,10,100,2.2759,2.7871,0.4194,10.0000
Dec21_01-59-59_6bed2aa9b612,graphqsat,flat100-239,10,100,1.8641,2.6787,0.4444,13.1250
Dec23_01-48-54_90582559eea7,graphqsat,flat100-239,10,100,1.4647,2.1453,0.2963,12.7778
Dec08_08-39-57_e63e47f25457,graphqsat,flat100-239,50,100,2.6667,3.1888,0.4627,10.0000
Dec21_01-59-59_6bed2aa9b612,graphqsat,flat100-239,50,100,1.8851,2.6904,0.2462,13.1250
Dec23_01-48-54_90582559eea7,graphqsat,flat100-239,50,100,0.8223,1.2335,0.2667,12.7778
Dec08_08-39-57_e63e47f25457,graphqsat,flat100-239,100,100,2.6667,3.1899,0.3857,10.0000
Dec21_01-59-59_6bed2aa9b612,graphqsat,flat100-239,100,100,1.8901,2.6693,0.2844,13.1250
Dec23_01-48-54_90582559eea7,graphqsat,flat100-239,100,100,0.5062,0.8360,0.1584,12.7778
Dec08_08-39-57_e63e47f25457,graphqsat,flat100-239,300,100,2.6667,3.1890,0.3234,10.0000
Dec21_01-59-59_6bed2aa9b612,graphqsat,flat100-239,300,100,1.8901,2.6680,0.2650,13.1250
Dec23_01-48-54_90582559eea7,graphqsat,flat100-239,300,100,0.2664,0.5899,0.0796,12.7778
Dec08_08-39-57_e63e47f25457,graphqsat,flat100-239,500,100,2.6667,3.1890,0.3234,10.0000
Dec21_01-59-59_6bed2aa9b612,graphqsat,flat100-239,500,100,1.8901,2.6680,0.2650,13.1250
Dec23_01-48-54_90582559eea7,graphqsat,flat100-239,500,100,0.2451,0.5848,0.0685,12.7778
Dec08_08-39-57_e63e47f25457,graphqsat,flat100-239,1000,100,2.6667,3.1890,0.3234,10.0000
Dec21_01-59-59_6bed2aa9b612,graphqsat,flat100-239,1000,100,1.8901,2.6680,0.2650,13.1250
Dec23_01-48-54_90582559eea7,graphqsat,flat100-239,1000,100,0.2451,0.5847,0.0681,12.7778
Dec08_08-39-57_e63e47f25457,graphqsat,flat125-301,10,100,2.3727,3.2454,0.2663,17.0000
Dec21_01-59-59_6bed2aa9b612,graphqsat,flat125-301,10,100,2.0648,2.5939,0.2067,9.4894
Dec23_01-48-54_90582559eea7,graphqsat,flat125-301,10,100,1.5967,2.4312,0.2605,12.3889
Dec08_08-39-57_e63e47f25457,graphqsat,flat125-301,50,100,2.5833,3.7263,0.1684,19.0000
Dec21_01-59-59_6bed2aa9b612,graphqsat,flat125-301,50,100,1.7509,2.3317,0.1890,9.1714
Dec23_01-48-54_90582559eea7,graphqsat,flat125-301,50,100,1.1632,1.4917,0.1632,7.6897
Dec08_08-39-57_e63e47f25457,graphqsat,flat125-301,100,100,2.5607,3.7113,0.1576,19.0000
Dec21_01-59-59_6bed2aa9b612,graphqsat,flat125-301,100,100,1.5153,2.1591,0.1699,9.1714
Dec23_01-48-54_90582559eea7,graphqsat,flat125-301,100,100,0.7710,1.0108,0.1348,4.1682
Dec08_08-39-57_e63e47f25457,graphqsat,flat125-301,300,100,2.5536,3.6941,0.2025,19.0000
Dec21_01-59-59_6bed2aa9b612,graphqsat,flat125-301,300,100,1.3944,2.0734,0.1169,9.1714
Dec23_01-48-54_90582559eea7,graphqsat,flat125-301,300,100,0.3805,0.5345,0.0795,3.8600
Dec08_08-39-57_e63e47f25457,graphqsat,flat125-301,500,100,2.5536,3.6931,0.1581,19.0000
Dec21_01-59-59_6bed2aa9b612,graphqsat,flat125-301,500,100,1.3944,2.0659,0.0680,9.1714
Dec23_01-48-54_90582559eea7,graphqsat,flat125-301,500,100,0.3397,0.4926,0.0706,3.8600
Dec08_08-39-57_e63e47f25457,graphqsat,flat125-301,1000,100,2.5536,3.6931,0.1664,19.0000
Dec21_01-59-59_6bed2aa9b612,graphqsat,flat125-301,1000,100,1.3944,2.0656,0.0487,9.1714
Dec23_01-48-54_90582559eea7,graphqsat,flat125-301,1000,100,0.3269,0.4844,0.0706,3.8600
Dec08_08-39-57_e63e47f25457,graphqsat,flat150-360,10,101,2.0000,4.0291,0.2160,55.3333
Dec21_01-59-59_6bed2aa9b612,graphqsat,flat150-360,10,101,2.4536,3.5647,0.1475,33.2000
Dec23_01-48-54_90582559eea7,graphqsat,flat150-360,10,101,1.7385,3.0368,0.1097,40.0000
Dec08_08-39-57_e63e47f25457,graphqsat,flat150-360,50,101,2.1183,4.8669,0.1500,63.8462
Dec21_01-59-59_6bed2aa9b612,graphqsat,flat150-360,50,101,1.7834,2.8566,0.1579,18.3000
Dec23_01-48-54_90582559eea7,graphqsat,flat150-360,50,101,1.3333,2.0888,0.1392,15.2727
Dec08_08-39-57_e63e47f25457,graphqsat,flat150-360,100,101,1.9847,4.7735,0.1500,63.8462
Dec21_01-59-59_6bed2aa9b612,graphqsat,flat150-360,100,101,1.7962,2.6378,0.1281,18.3000
Dec23_01-48-54_90582559eea7,graphqsat,flat150-360,100,101,1.0556,1.5489,0.1525,8.1553
Dec08_08-39-57_e63e47f25457,graphqsat,flat150-360,300,101,1.9200,4.6655,0.0888,63.8462
Dec21_01-59-59_6bed2aa9b612,graphqsat,flat150-360,300,101,1.3333,2.2943,0.0828,18.3000
Dec23_01-48-54_90582559eea7,graphqsat,flat150-360,300,101,0.5902,0.7923,0.0897,3.6842
Dec08_08-39-57_e63e47f25457,graphqsat,flat150-360,500,101,1.9191,4.6476,0.0894,63.8462
Dec21_01-59-59_6bed2aa9b612,graphqsat,flat150-360,500,101,1.2157,2.2301,0.0823,18.3000
Dec23_01-48-54_90582559eea7,graphqsat,flat150-360,500,101,0.4562,0.6391,0.0710,3.6842
Dec08_08-39-57_e63e47f25457,graphqsat,flat150-360,1000,101,1.9191,4.6413,0.0894,63.8462
Dec21_01-59-59_6bed2aa9b612,graphqsat,flat150-360,1000,101,1.2157,2.2188,0.0750,18.3000
Dec23_01-48-54_90582559eea7,graphqsat,flat150-360,1000,101,0.4094,0.5831,0.0507,3.6842
Dec08_08-39-57_e63e47f25457,graphqsat,flat175-417,10,100,2.2690,3.4549,0.1392,21.0153
Dec21_01-59-59_6bed2aa9b612,graphqsat,flat175-417,10,100,2.2722,3.5992,0.1499,31.0625
Dec23_01-48-54_90582559eea7,graphqsat,flat175-417,10,100,1.5220,2.5000,0.1073,16.0058
Dec08_08-39-57_e63e47f25457,graphqsat,flat175-417,50,100,2.0845,3.5517,0.1058,23.1818
Dec21_01-59-59_6bed2aa9b612,graphqsat,flat175-417,50,100,2.0924,3.4389,0.1269,21.1769
Dec23_01-48-54_90582559eea7,graphqsat,flat175-417,50,100,1.3784,2.2171,0.0639,30.9326
Dec08_08-39-57_e63e47f25457,graphqsat,flat175-417,100,100,2.1545,3.2784,0.1284,23.1818
Dec21_01-59-59_6bed2aa9b612,graphqsat,flat175-417,100,100,1.7465,2.8942,0.1111,25.4907
Dec23_01-48-54_90582559eea7,graphqsat,flat175-417,100,100,1.1179,1.6959,0.0621,19.8058
Dec08_08-39-57_e63e47f25457,graphqsat,flat175-417,300,100,1.5074,2.8513,0.1256,23.1818
Dec21_01-59-59_6bed2aa9b612,graphqsat,flat175-417,300,100,1.2801,2.4214,0.1135,25.7290
Dec23_01-48-54_90582559eea7,graphqsat,flat175-417,300,100,0.7487,1.0670,0.0588,8.1209
Dec08_08-39-57_e63e47f25457,graphqsat,flat175-417,500,100,1.4124,2.7275,0.0857,23.1818
Dec21_01-59-59_6bed2aa9b612,graphqsat,flat175-417,500,100,0.9927,2.2996,0.0701,25.7290
Dec23_01-48-54_90582559eea7,graphqsat,flat175-417,500,100,0.5665,0.7780,0.0420,4.9783
Dec08_08-39-57_e63e47f25457,graphqsat,flat175-417,1000,100,1.2778,2.6395,0.0669,23.1818
Dec21_01-59-59_6bed2aa9b612,graphqsat,flat175-417,1000,100,0.8222,2.1828,0.0406,25.7290
Dec23_01-48-54_90582559eea7,graphqsat,flat175-417,1000,100,0.4701,0.6100,0.0306,2.9956
Dec08_08-39-57_e63e47f25457,graphqsat,flat200-479,10,100,2.0005,3.8430,0.0490,32.9667
Dec21_01-59-59_6bed2aa9b612,graphqsat,flat200-479,10,100,2.0866,4.3980,0.0490,46.1481
Dec23_01-48-54_90582559eea7,graphqsat,flat200-479,10,100,1.6200,3.5597,0.0551,24.4314
Dec08_08-39-57_e63e47f25457,graphqsat,flat200-479,50,100,2.2369,4.2211,0.0272,47.0952
Dec21_01-59-59_6bed2aa9b612,graphqsat,flat200-479,50,100,2.0890,3.9640,0.0573,43.8636
Dec23_01-48-54_90582559eea7,graphqsat,flat200-479,50,100,1.5344,3.3178,0.0526,27.9224
Dec08_08-39-57_e63e47f25457,graphqsat,flat200-479,100,100,1.7894,4.0390,0.0478,47.0952
Dec21_01-59-59_6bed2aa9b612,graphqsat,flat200-479,100,100,1.9119,3.5419,0.0420,43.8636
Dec23_01-48-54_90582559eea7,graphqsat,flat200-479,100,100,1.3258,2.5829,0.0498,18.5970
Dec08_08-39-57_e63e47f25457,graphqsat,flat200-479,300,100,1.6253,3.6661,0.0411,47.0952
Dec21_01-59-59_6bed2aa9b612,graphqsat,flat200-479,300,100,1.4501,2.7740,0.0544,43.8636
Dec23_01-48-54_90582559eea7,graphqsat,flat200-479,300,100,1.0285,1.6276,0.0331,8.7305
Dec08_08-39-57_e63e47f25457,graphqsat,flat200-479,500,100,1.3498,3.5049,0.0453,47.0952
Dec21_01-59-59_6bed2aa9b612,graphqsat,flat200-479,500,100,1.1762,2.5158,0.0327,43.8636
Dec23_01-48-54_90582559eea7,graphqsat,flat200-479,500,100,0.7709,1.3177,0.0468,8.1587
Dec08_08-39-57_e63e47f25457,graphqsat,flat200-479,1000,100,0.9784,3.3407,0.0296,47.0952
Dec21_01-59-59_6bed2aa9b612,graphqsat,flat200-479,1000,100,0.9266,2.2989,0.0351,43.8636
Dec23_01-48-54_90582559eea7,graphqsat,flat200-479,1000,100,0.5991,1.0261,0.0299,8.1587
Dec21_01-59-59_6bed2aa9b612,graphqsat,uf50-218,10,100,1.8153,2.6680,0.1667,15.3333
Dec23_01-48-54_90582559eea7,graphqsat,uf50-218,10,100,1.3167,1.7129,0.1698,6.8333
Dec21_01-59-59_6bed2aa9b612,graphqsat,uf50-218,50,100,2.1742,2.9186,0.2703,15.3333
Dec23_01-48-54_90582559eea7,graphqsat,uf50-218,50,100,1.0809,1.4809,0.1562,6.8333
Dec21_01-59-59_6bed2aa9b612,graphqsat,uf50-218,100,100,2.1742,2.9186,0.2703,15.3333
Dec23_01-48-54_90582559eea7,graphqsat,uf50-218,100,100,1.0710,1.4739,0.1471,6.8333
Dec21_01-59-59_6bed2aa9b612,graphqsat,uf50-218,300,100,2.1742,2.9186,0.2703,15.3333
Dec23_01-48-54_90582559eea7,graphqsat,uf50-218,300,100,1.0710,1.4740,0.1471,6.8333
Dec21_01-59-59_6bed2aa9b612,graphqsat,uf50-218,500,100,2.1742,2.9186,0.2703,15.3333
Dec23_01-48-54_90582559eea7,graphqsat,uf50-218,500,100,1.0710,1.4740,0.1471,6.8333
Dec21_01-59-59_6bed2aa9b612,graphqsat,uf50-218,1000,100,2.1742,2.9186,0.2703,15.3333
Dec23_01-48-54_90582559eea7,graphqsat,uf50-218,1000,100,1.0710,1.4740,0.1471,6.8333
Dec21_01-59-59_6bed2aa9b612,graphqsat,uf100-430,10,100,2.0242,3.7673,0.1327,41.3000
Dec23_01-48-54_90582559eea7,graphqsat,uf100-430,10,100,1.7927,2.5607,0.2120,11.8611
Dec21_01-59-59_6bed2aa9b612,graphqsat,uf100-430,50,100,2.5934,4.7931,0.2044,41.3000
Dec23_01-48-54_90582559eea7,graphqsat,uf100-430,50,100,1.5289,2.8377,0.2208,17.0333
Dec21_01-59-59_6bed2aa9b612,graphqsat,uf100-430,100,100,2.9695,5.0536,0.2107,41.3000
Dec23_01-48-54_90582559eea7,graphqsat,uf100-430,100,100,1.4565,2.6304,0.2182,17.0333
Dec21_01-59-59_6bed2aa9b612,graphqsat,uf100-430,300,100,3.0476,5.1248,0.2577,41.3000
Dec23_01-48-54_90582559eea7,graphqsat,uf100-430,300,100,1.2293,2.4941,0.1679,17.0333
Dec21_01-59-59_6bed2aa9b612,graphqsat,uf100-430,500,100,3.0476,5.1263,0.2577,41.3000
Dec23_01-48-54_90582559eea7,graphqsat,uf100-430,500,100,1.1194,2.4840,0.1477,17.0333
Dec21_01-59-59_6bed2aa9b612,graphqsat,uf100-430,1000,100,3.0476,5.1263,0.2577,41.3000
Dec23_01-48-54_90582559eea7,graphqsat,uf100-430,1000,100,1.1068,2.4748,0.1368,17.0333
Dec21_01-59-59_6bed2aa9b612,graphqsat,uf250-1065,10,100,3.3717,13.2532,0.0816,214.3794
Dec23_01-48-54_90582559eea7,graphqsat,uf250-1065,10,100,3.4938,4.2970,0.1128,39.6773
Dec21_01-59-59_6bed2aa9b612,graphqsat,uf250-1065,50,100,3.6402,30.1612,0.1312,1575.3636
Dec23_01-48-54_90582559eea7,graphqsat,uf250-1065,50,100,6.4347,42.4832,0.0858,406.2292
Dec21_01-59-59_6bed2aa9b612,graphqsat,uf250-1065,100,100,3.7299,29.3489,0.1136,1677.0000
Dec23_01-48-54_90582559eea7,graphqsat,uf250-1065,100,100,5.5342,39.1059,0.0874,314.5000
Dec21_01-59-59_6bed2aa9b612,graphqsat,uf250-1065,300,100,3.7852,31.5070,0.1229,1677.0000
Dec23_01-48-54_90582559eea7,graphqsat,uf250-1065,300,100,6.0592,29.6086,0.0911,220.0628
Dec21_01-59-59_6bed2aa9b612,graphqsat,uf250-1065,500,100,3.3636,30.1550,0.0913,1677.0000
Dec23_01-48-54_90582559eea7,graphqsat,uf250-1065,500,100,6.1899,25.1942,0.0932,185.1671
Dec21_01-59-59_6bed2aa9b612,graphqsat,uf250-1065,1000,100,3.3325,30.1171,0.1132,1677.0000
Dec23_01-48-54_90582559eea7,graphqsat,uf250-1065,1000,100,4.6042,20.9810,0.0974,183.9722
Dec21_01-59-59_6bed2aa9b612,graphqsat,uuf50-218,10,100,1.6985,1.9023,0.6522,6.3077
Dec21_14-55-50_5eccdc34d583,graphqsat,uuf50-218,10,100,1.5759,1.7435,0.6364,3.6000
Dec23_01-48-54_90582559eea7,graphqsat,uuf50-218,10,100,0.9658,0.9801,0.3763,1.9714
Dec23_14-42-44_90582559eea7,graphqsat,uuf50-218,10,100,1.4472,1.4796,0.4795,3.1176
Dec21_01-59-59_6bed2aa9b612,graphqsat,uuf50-218,50,100,2.4393,2.6316,1.0000,6.8333
Dec21_14-55-50_5eccdc34d583,graphqsat,uuf50-218,50,100,2.3848,2.5091,1.1818,4.9500
Dec23_01-48-54_90582559eea7,graphqsat,uuf50-218,50,100,0.8405,0.8527,0.3684,1.7250
Dec23_14-42-44_90582559eea7,graphqsat,uuf50-218,50,100,1.5351,1.5986,0.6034,4.0769
Dec21_01-59-59_6bed2aa9b612,graphqsat,uuf50-218,100,100,2.4393,2.6366,1.0000,6.8333
Dec21_14-55-50_5eccdc34d583,graphqsat,uuf50-218,100,100,2.3848,2.5098,1.1818,4.9500
Dec23_01-48-54_90582559eea7,graphqsat,uuf50-218,100,100,0.7755,0.8039,0.2800,1.7250
Dec23_14-42-44_90582559eea7,graphqsat,uuf50-218,100,100,1.5351,1.5897,0.5738,4.0769
Dec21_01-59-59_6bed2aa9b612,graphqsat,uuf50-218,300,100,2.4393,2.6366,1.0000,6.8333
Dec21_14-55-50_5eccdc34d583,graphqsat,uuf50-218,300,100,2.3848,2.5098,1.1818,4.9500
Dec23_01-48-54_90582559eea7,graphqsat,uuf50-218,300,100,0.7713,0.7972,0.2941,1.7250
Dec23_14-42-44_90582559eea7,graphqsat,uuf50-218,300,100,1.5588,1.5990,0.5738,4.0769
Dec21_01-59-59_6bed2aa9b612,graphqsat,uuf50-218,500,100,2.4393,2.6366,1.0000,6.8333
Dec21_14-55-50_5eccdc34d583,graphqsat,uuf50-218,500,100,2.3848,2.5098,1.1818,4.9500
Dec23_01-48-54_90582559eea7,graphqsat,uuf50-218,500,100,0.7713,0.7972,0.2941,1.7250
Dec23_14-42-44_90582559eea7,graphqsat,uuf50-218,500,100,1.5351,1.5994,0.5833,4.0769
Dec21_01-59-59_6bed2aa9b612,graphqsat,uuf50-218,1000,100,2.4393,2.6366,1.0000,6.8333
Dec21_14-55-50_5eccdc34d583,graphqsat,uuf50-218,1000,100,2.3848,2.5098,1.1818,4.9500
Dec23_01-48-54_90582559eea7,graphqsat,uuf50-218,1000,100,0.7713,0.7972,0.2941,1.7250
Dec23_14-42-44_90582559eea7,graphqsat,uuf50-218,1000,100,1.5351,1.5981,0.5833,4.0769
Dec21_01-59-59_6bed2aa9b612,graphqsat,uuf100-430,10,100,1.4978,1.5465,0.8642,2.6260
Dec21_14-55-50_5eccdc34d583,graphqsat,uuf100-430,10,100,1.5021,1.5219,0.7938,2.6731
Dec23_01-48-54_90582559eea7,graphqsat,uuf100-430,10,100,0.8520,0.9064,0.4382,2.0489
Dec23_14-42-44_90582559eea7,graphqsat,uuf100-430,10,100,1.3845,1.4363,0.6480,2.8270
Dec21_01-59-59_6bed2aa9b612,graphqsat,uuf100-430,50,100,1.5723,1.6830,0.8287,3.9865
Dec21_14-55-50_5eccdc34d583,graphqsat,uuf100-430,50,100,1.5731,1.6203,0.8912,2.6119
Dec23_01-48-54_90582559eea7,graphqsat,uuf100-430,50,100,0.8452,0.8795,0.4059,1.6643
Dec23_14-42-44_90582559eea7,graphqsat,uuf100-430,50,100,1.3652,1.4061,0.7221,2.7989
Dec21_01-59-59_6bed2aa9b612,graphqsat,uuf100-430,100,100,1.7323,1.8624,0.7488,4.9741
Dec21_14-55-50_5eccdc34d583,graphqsat,uuf100-430,100,100,1.6621,1.7124,0.8247,2.8641
Dec23_01-48-54_90582559eea7,graphqsat,uuf100-430,100,100,0.8211,0.8535,0.3691,1.8367
Dec23_14-42-44_90582559eea7,graphqsat,uuf100-430,100,100,1.3157,1.3640,0.6810,2.3100
Dec21_01-59-59_6bed2aa9b612,graphqsat,uuf100-430,300,100,2.2150,2.3546,1.0548,5.1982
Dec21_14-55-50_5eccdc34d583,graphqsat,uuf100-430,300,100,1.9396,2.0514,0.7778,3.5230
Dec23_01-48-54_90582559eea7,graphqsat,uuf100-430,300,100,0.7010,0.7282,0.3782,1.2254
Dec23_14-42-44_90582559eea7,graphqsat,uuf100-430,300,100,1.1983,1.2603,0.6182,2.4180
Dec21_01-59-59_6bed2aa9b612,graphqsat,uuf100-430,500,100,2.3063,2.3833,1.1315,5.1982
Dec21_14-55-50_5eccdc34d583,graphqsat,uuf100-430,500,100,1.9881,2.0950,0.8525,3.5230
Dec23_01-48-54_90582559eea7,graphqsat,uuf100-430,500,100,0.6005,0.6500,0.3504,1.1606
Dec23_14-42-44_90582559eea7,graphqsat,uuf100-430,500,100,1.1407,1.1823,0.5655,2.4180
Dec21_01-59-59_6bed2aa9b612,graphqsat,uuf100-430,1000,100,2.3063,2.3829,1.1315,5.1982
Dec21_14-55-50_5eccdc34d583,graphqsat,uuf100-430,1000,100,1.9881,2.0968,0.8525,3.5230
Dec23_01-48-54_90582559eea7,graphqsat,uuf100-430,1000,100,0.5386,0.5529,0.2957,1.0598
Dec23_14-42-44_90582559eea7,graphqsat,uuf100-430,1000,100,1.1176,1.1521,0.5102,2.4180
Dec21_01-59-59_6bed2aa9b612,graphqsat,uuf250-1065,10,100,1.6097,1.6439,0.9424,2.7036
Dec21_14-55-50_5eccdc34d583,graphqsat,uuf250-1065,10,100,1.5798,1.6006,0.9638,2.7869
Dec23_01-48-54_90582559eea7,graphqsat,uuf250-1065,10,100,0.7453,0.7855,0.4117,1.3568
Dec23_14-42-44_90582559eea7,graphqsat,uuf250-1065,10,100,1.3996,1.4778,0.9447,2.4366
Dec21_01-59-59_6bed2aa9b612,graphqsat,uuf250-1065,50,100,1.6046,1.6267,0.9891,2.5844
Dec21_14-55-50_5eccdc34d583,graphqsat,uuf250-1065,50,100,1.5819,1.6171,0.7655,2.5491
Dec23_01-48-54_90582559eea7,graphqsat,uuf250-1065,50,100,0.7239,0.7651,0.3585,1.3672
Dec23_14-42-44_90582559eea7,graphqsat,uuf250-1065,50,100,1.4360,1.5040,0.9170,2.3304
Dec21_01-59-59_6bed2aa9b612,graphqsat,uuf250-1065,100,100,1.6419,1.6423,0.9528,2.6990
Dec21_14-55-50_5eccdc34d583,graphqsat,uuf250-1065,100,100,1.5889,1.6131,0.9730,2.5169
Dec23_01-48-54_90582559eea7,graphqsat,uuf250-1065,100,100,0.7357,0.7723,0.3771,1.2590
Dec23_14-42-44_90582559eea7,graphqsat,uuf250-1065,100,100,1.4241,1.4806,0.8425,2.4013
Dec21_01-59-59_6bed2aa9b612,graphqsat,uuf250-1065,300,100,1.5913,1.6417,0.9398,2.5043
Dec21_14-55-50_5eccdc34d583,graphqsat,uuf250-1065,300,100,1.6175,1.6058,0.7573,2.7363
Dec23_01-48-54_90582559eea7,graphqsat,uuf250-1065,300,100,0.7390,0.7675,0.3486,1.2915
Dec23_14-42-44_90582559eea7,graphqsat,uuf250-1065,300,100,1.4165,1.4668,0.8624,2.4195
Dec21_01-59-59_6bed2aa9b612,graphqsat,uuf250-1065,500,100,1.6943,1.6631,1.0254,2.7681
Dec21_14-55-50_5eccdc34d583,graphqsat,uuf250-1065,500,100,1.6031,1.6143,0.6759,2.4852
Dec23_01-48-54_90582559eea7,graphqsat,uuf250-1065,500,100,0.7175,0.7686,0.3649,1.2784
Dec23_14-42-44_90582559eea7,graphqsat,uuf250-1065,500,100,1.4171,1.4647,0.8784,2.4692
Dec21_01-59-59_6bed2aa9b612,graphqsat,uuf250-1065,1000,100,1.6275,1.6465,0.9351,2.5465
Dec21_14-55-50_5eccdc34d583,graphqsat,uuf250-1065,1000,100,1.6307,1.6297,0.9919,2.4820
Dec23_01-48-54_90582559eea7,graphqsat,uuf250-1065,1000,100,0.7263,0.7679,0.3911,1.3704
Dec23_14-42-44_90582559eea7,graphqsat,uuf250-1065,1000,100,1.3883,1.4745,0.8252,2.3738
